{
  "mesh_voltages": {
    "0": 4.202622623288022,
    "1": 4.342763605135841,
    "2": 3.098829001469486,
    "3": 4.130521142259029,
    "4": 3.001457261700803,
    "5": 4.552619769400613,
    "6": 2.436117075053776,
    "7": 2.421557181706181,
    "8": 1.1424261883464002,
    "9": 2.9664336984042725,
    "10": 4.053130393304921,
    "11": 3.072196612654478,
    "12": 2.370736535724698,
    "13": 3.0569259837149856,
    "14": 2.6701935879046763,
    "15": 1.2111915958292376,
    "16": 4.032639975768708,
    "17": 2.3880453538074407,
    "18": 4.491246582536434,
    "19": 4.8221669700820495,
    "20": 3.6029189509231334,
    "21": 1.9799926280091045,
    "22": 3.3384464322643486,
    "23": 2.596296748885792,
    "24": 1.1316601402043447,
    "25": 3.6536980427074104,
    "26": 4.426966155695784,
    "27": 1.8462506378319095
  },
  "rank_norm": 0.7992412733294042,
  "mu": 0.6455516269604558
}