{
  "mesh_voltages": {
    "0": 0.9376912722184974,
    "1": 2.932811910592447,
    "2": 4.870232771887507,
    "3": 2.747595223636186,
    "4": 3.534331730073851,
    "5": 3.3070095327334688,
    "6": 2.1458412104619544,
    "7": 4.325086620844977,
    "8": 1.6908731743669076,
    "9": 1.3058621175923306,
    "10": 4.125449162268126,
    "11": 0.20089784494384588,
    "12": 1.6597651788140848,
    "13": 3.0498915616596793,
    "14": 2.8154673480274153,
    "15": 2.5488147867448987,
    "16": 4.570875049827333,
    "17": 4.111411907293558,
    "18": 2.2969750044993855,
    "19": 3.405531075752599,
    "20": 4.371880546871272,
    "21": 4.05447622003967,
    "22": 2.0274493964248994,
    "23": 0.3243238099065112,
    "24": 2.7354202604405935,
    "25": 4.013031496874742,
    "26": 0.994075844478976,
    "27": 4.817359643186241
  },
  "rank_norm": 0.8057824378073238,
  "mu": 0.7081388754448485
}