{
  "mesh_voltages": {
    "0": 1.198832559628962,
    "1": 2.2178152901617905,
    "2": 1.7134662533211755,
    "3": 3.0574453183211214,
    "4": 4.719324507007473,
    "5": 1.7565083598190097,
    "6": 2.947200878188447,
    "7": 1.3973726793859047,
    "8": 4.794650901700496,
    "9": 2.891309310538439,
    "10": 3.246459512380976,
    "11": 4.7526787422225,
    "12": 3.91182304950753,
    "13": 4.498213734142355,
    "14": 2.7245255934376287,
    "15": 2.3994718703931364,
    "16": 2.6538619407387056,
    "17": 2.824582014075484,
    "18": 3.567086852391182,
    "19": 1.8401320036714939,
    "20": 3.96918025782989,
    "21": 2.5694603102423748,
    "22": 1.1310583583819191,
    "23": 3.8055016254636467,
    "24": 1.677963416538621,
    "25": 2.0454024583079264,
    "26": 3.585925388918222,
    "27": 1.5976204733515997
  },
  "rank_norm": 0.7921935993246075,
  "mu": 0.865392599654842
}