{
  "mesh_voltages": {
    "0": 1.2224420406119227,
    "1": 0.6413712371792305,
    "2": 2.1033382341064857,
    "3": 4.288610788053974,
    "4": 4.673730560696361,
    "5": 1.823752668554226,
    "6": 0.4524129429855416,
    "7": 3.2640134392776834,
    "8": 3.8876424311250584,
    "9": 0.49820206742069184,
    "10": 2.778354815505953,
    "11": 1.6572301645404237,
    "12": 0.6647160487013989,
    "13": 2.236368969200819,
    "14": 4.38152192069275,
    "15": 4.008469595017755,
    "16": 2.529366912838943,
    "17": 4.262237748133821,
    "18": 0.23081113102888157,
    "19": 4.07525028421733,
    "20": 3.1508813901555097,
    "21": 3.368330533089379,
    "22": 4.1027452034915,
    "23": 1.0775013552182673,
    "24": 4.71211784324184,
    "25": 1.0973948078720404,
    "26": 2.707533459520686,
    "27": 0.5237424586369316
  },
  "rank_norm": 0.7638523326599284,
  "mu": 0.7726886389844346
}