{
  "mesh_voltages": {
    "0": 4.26297576556958,
    "1": 2.0294538430451494,
    "2": 3.33591072086596,
    "3": 4.8911323633244255,
    "4": 1.4570942171147183,
    "5": 2.9277004546065806,
    "6": 2.4946775537288666,
    "7": 2.1884087468905484,
    "8": 3.1815774683354747,
    "9": 2.5219387732273457,
    "10": 1.3800692610741239,
    "11": 3.5604588288583665,
    "12": 3.934419085027326,
    "13": 3.502810562610366,
    "14": 3.5782610658585514,
    "15": 3.8148064548123526,
    "16": 4.584791799661026,
    "17": 1.4970607049952531,
    "18": 1.1091423203130892,
    "19": 2.182315392235081,
    "20": 4.744486809055322,
    "21": 4.337310488025501,
    "22": 3.0085392964257585,
    "23": 3.086992072141248,
    "24": 3.4313127666309007,
    "25": 4.67115284849219,
    "26": 3.1905810341529515,
    "27": 3.961103534843318
  },
  "rank_norm": 0.7899872037540616,
  "mu": 0.7279819476184376
}