{
  "mesh_voltages": {
    "0": 2.293359411504419,
    "1": 3.548442684921248,
    "2": 0.19476695702812102,
    "3": 2.6220254848705102,
    "4": 1.063465348355783,
    "5": 1.2269268085521647,
    "6": 4.628359830884651,
    "7": 1.1706734532815515,
    "8": 4.598589590079364,
    "9": 0.36672249198603135,
    "10": 1.0100719074089761,
    "11": 1.282806857847758,
    "12": 3.3828617117615636,
    "13": 3.486980246430208,
    "14": 3.1971465037231317,
    "15": 4.652451132217199,
    "16": 0.21092819878704855,
    "17": 3.9319526701572376,
    "18": 1.6314420544051123,
    "19": 4.827015279778173,
    "20": 2.886039314644863,
    "21": 3.6599452486467974,
    "22": 2.1207608678795724,
    "23": 1.414244060076518,
    "24": 2.670386035073783,
    "25": 3.0279770598230926,
    "26": 3.6441998514224663,
    "27": 1.4135878273197517
  },
  "rank_norm": 0.7189536888548418,
  "mu": 0.9018744698902699
}