{
  "mesh_voltages": {
    "0": 2.1462979875761237,
    "1": 2.5414284510912766,
    "2": 3.3803982511147606,
    "3": 0.7836927154692017,
    "4": 1.1750451345027828,
    "5": 3.548913668448652,
    "6": 3.566650722851591,
    "7": 3.206395246712369,
    "8": 4.846660312534014,
    "9": 3.285420428453819,
    "10": 0.3338406691474898,
    "11": 1.7014416117077886,
    "12": 2.793767475726733,
    "13": 3.8334849344433377,
    "14": 1.412198600608103,
    "15": 0.4534259511025722,
    "16": 1.752136496410526,
    "17": 1.2600393975878292,
    "18": 2.1258791403266324,
    "19": 4.481041442862168,
    "20": 2.6111359777997065,
    "21": 0.6854045734882007,
    "22": 4.644234288571368,
    "23": 4.160043079745673,
    "24": 4.872362435691123,
    "25": 2.802773294761959,
    "26": 2.8671507264006424,
    "27": 0.2319099923651676
  },
  "rank_norm": 0.6215845044100697,
  "mu": 0.97773773698685
}