{
  "mesh_voltages": {
    "0": 4.814055966866923,
    "1": 4.23867366684115,
    "2": 2.1263141509411856,
    "3": 0.934385113298895,
    "4": 4.253915060293447,
    "5": 0.9266532023032695,
    "6": 3.743156137265762,
    "7": 4.718028584202102,
    "8": 4.426911409799162,
    "9": 1.6275878739209737,
    "10": 3.5495901227530715,
    "11": 1.0267099956918255,
    "12": 3.697864173351901,
    "13": 2.8542329726327282,
    "14": 3.7602765073907967,
    "15": 4.523493036422866,
    "16": 3.7317545366197753,
    "17": 3.7858999468383105,
    "18": 0.33860134683298126,
    "19": 3.0965949855369104,
    "20": 3.546975102918893,
    "21": 0.9930202963267367,
    "22": 1.1053697589024662,
    "23": 4.224825220703278,
    "24": 2.3701852650961936,
    "25": 1.2177204957885253,
    "26": 1.534442973359107,
    "27": 2.7034884206960346
  },
  "rank_norm": 0.7852786713774053,
  "mu": 0.7443513994353392
}