{
  "voltages": {
    "0": 4.768888523391149,
    "1": 3.545253977100593,
    "2": 4.788191981632645,
    "3": 4.632701737090214,
    "4": 2.7856153037263653,
    "5": 2.295924116000494,
    "6": 1.0190973433516821,
    "7": 1.4699250108117519,
    "8": 1.5583953638513734,
    "9": 3.984405362200179,
    "10": 3.0097492949780897,
    "11": 4.823264619213047,
    "12": 4.104914791432431,
    "13": 1.4110549704174158,
    "14": 2.4481933646008867,
    "15": 3.5886959390410387,
    "16": 3.7982045430740796,
    "17": 3.361450432786469,
    "18": 1.5829948469043569,
    "19": 3.1106636218997012,
    "20": 4.7442810905381565,
    "21": 1.8027694910929513,
    "22": 1.1468107059173192,
    "23": 0.243659695292139,
    "24": 1.4045703469971107,
    "25": 1.4970603204560005,
    "26": 4.104826268596377,
    "27": 2.9134646819960937
  },
  "score": 0.2828786301283739
}