{
  "voltages": {
    "0": 0.23634602356589202,
    "1": 1.516109870451195,
    "2": 1.540954784077313,
    "3": 0.8489004888421638,
    "4": 4.2206308048012575,
    "5": 4.66727563528947,
    "6": 0.10704609907940182,
    "7": 3.7589486171172717,
    "8": 2.9001247204914082,
    "9": 2.0198602457945265,
    "10": 1.4810092801624484,
    "11": 4.001123188438264,
    "12": 1.8810356207264038,
    "13": 3.043420908135985,
    "14": 3.4817732237530854,
    "15": 4.464722977777593,
    "16": 2.0804722978528303,
    "17": 0.7470714652473593,
    "18": 2.4155348586289977,
    "19": 3.556490379541644,
    "20": 2.1093134988941387,
    "21": 2.0934569536078858,
    "22": 3.850866614230926,
    "23": 3.507648535064375,
    "24": 2.653426595964381,
    "25": 0.22365226275339192,
    "26": 1.2487385406609612,
    "27": 2.508078877064845
  },
  "score": 0.2900578442879514
}