{
  "voltages": {
    "0": 1.7853904234610525,
    "1": 3.9022395818962865,
    "2": 3.4223111619389126,
    "3": 2.4971787638795395,
    "4": 1.8963896518960541,
    "5": 1.1068648194949702,
    "6": 2.9554445658536004,
    "7": 0.5330617295582464,
    "8": 1.9172321602106142,
    "9": 3.7012401411093867,
    "10": 0.2735747711483811,
    "11": 3.9029479467838852,
    "12": 1.150848727946267,
    "13": 1.9616737778054558,
    "14": 2.33946694506806,
    "15": 4.767814963231383,
    "16": 2.3976954551851035,
    "17": 4.102495569246013,
    "18": 4.776705359358654,
    "19": 1.023729131048344,
    "20": 3.3431763556277936,
    "21": 3.7907612005706723,
    "22": 3.0525999089728053,
    "23": 0.42266563242368727,
    "24": 4.334764352513629,
    "25": 1.0544151860651643,
    "26": 3.3504170947950342,
    "27": 4.017546906306938
  },
  "score": 0.540259077825389
}