{
  "voltages": {
    "0": 4.796350930812443,
    "1": 1.6076502536270239,
    "2": 2.383511208014088,
    "3": 3.551003935907767,
    "4": 4.053483654047246,
    "5": 0.670394543914777,
    "6": 3.715578857040116,
    "7": 1.5323928915358995,
    "8": 3.7097140270922657,
    "9": 4.890000000000001,
    "10": 1.3230155149724867,
    "11": 4.0041804961291065,
    "12": 3.1757363250853508,
    "13": 2.58429098448964,
    "14": 2.219189520661344,
    "15": 4.424411576783365,
    "16": 4.890000000000001,
    "17": 1.5651924903701682,
    "18": 4.49,
    "19": 1.187314346890345,
    "20": 2.377810818609803,
    "21": 2.8891189414236087,
    "22": 3.7498969658506893,
    "23": 4.81713621727373,
    "24": 4.588722210119075,
    "25": 2.586307284997763,
    "26": 4.181690348756786,
    "27": 2.212052055752035
  },
  "meta": {
    "tag": "optimized",
    "seed": null,
    "metrics": {
      "eff_rank": 6.057519558809849,
      "max_sv": 4.263391182585923,
      "min_sv": 0.7207925531609696,
      "mean_abs_colcorr": 0.2569917530898602,
      "mean_abs_rowcorr": 0.23941955500680345,
      "mutual_coherence": 0.6456644930523949,
      "cond_z": 5.914865745892091
    },
    "objective": {
      "weights": {
        "eff_rank": 1.0,
        "mutual_coherence": 0.8,
        "mean_abs_colcorr": 0.6,
        "col_norm_cv": 0.4,
        "cond_z_penalty": 0.4
      },
      "score": 3.229601324086599
    }
  }
}