{
  "voltages": {
    "0": 1.663808699280321,
    "1": 3.563928340439437,
    "2": 0.538178642382583,
    "3": 1.104722748481407,
    "4": 1.9193471395204813,
    "5": 4.120329997330563,
    "6": 4.890000000000001,
    "7": 3.9376938315854817,
    "8": 1.6714237994470404,
    "9": 0.5702409373498452,
    "10": 0.8297084823893858,
    "11": 4.8068286588379925,
    "12": 2.687189121869846,
    "13": 0.602371764503897,
    "14": 0.8821793534364921,
    "15": 4.604503756672621,
    "16": 0.11084611371775599,
    "17": 3.3332255396013935,
    "18": 3.584593674962135,
    "19": 3.0166687808919863,
    "20": 0.4738141123144412,
    "21": 1.0534937465756462,
    "22": 3.649314097002609,
    "23": 1.2875531919390122,
    "24": 1.0775336944013874,
    "25": 2.788229297910306,
    "26": 3.878576984378509,
    "27": 4.383994946217477
  },
  "meta": {
    "tag": "optimized",
    "seed": null,
    "metrics": {
      "eff_rank": 6.0247569648341806,
      "max_sv": 4.7768874237715035,
      "min_sv": 0.6428636818644867,
      "mean_abs_colcorr": 0.22450988702226163,
      "mean_abs_rowcorr": 0.22651265295989506,
      "mutual_coherence": 0.8247437666600343,
      "cond_z": 7.430638187425952
    },
    "objective": {
      "weights": {
        "eff_rank": 1.0,
        "mutual_coherence": 0.8,
        "mean_abs_colcorr": 0.6,
        "col_norm_cv": 0.4,
        "cond_z_penalty": 0.4
      },
      "score": 2.3958756005807196
    }
  }
}