heater,voltage
0,4.406996
1,4.890000
2,2.793984
3,3.167401
4,0.402622
5,1.176200
6,1.690319
7,0.110000
8,2.006049
9,3.117806
10,3.584692
11,2.613065
12,3.413959
13,4.626160
14,3.624565
15,1.407529
16,1.676667
17,2.952858
18,0.889571
19,2.212990
20,2.576543
21,4.868780
22,4.692906
23,0.110000
24,3.749559
25,2.863357
26,1.413920
27,2.169433
