{
  "voltages": {
    "0": 0.17760565674272585,
    "1": 1.4616359005188095,
    "2": 3.305047114257362,
    "3": 4.702182373908515,
    "4": 3.5736818067290113,
    "5": 3.4690952540803797,
    "6": 1.6705804764470942,
    "7": 1.7475987236430446,
    "8": 4.287473911140728,
    "9": 0.16017552500393903,
    "10": 4.34166626080324,
    "11": 3.2969640995995575,
    "12": 4.60340972733921,
    "13": 4.694139220155101,
    "14": 1.0259722458441685,
    "15": 4.439573021014709,
    "16": 2.7320698090918265,
    "17": 2.875167972406751,
    "18": 0.19618795815777107,
    "19": 4.5469263875362,
    "20": 0.34278895653507135,
    "21": 4.577841592575511,
    "22": 1.6354998010141626,
    "23": 1.9047884107534596,
    "24": 4.748077098854754,
    "25": 0.723172739728434,
    "26": 2.2862362892753207,
    "27": 2.292298973303952
  },
  "meta": {
    "tag": "trial1",
    "seed": null,
    "scope1_channels": [
      1,
      2,
      3,
      4
    ],
    "scope2_channels": [
      1,
      2,
      3
    ],
    "metrics": {
      "eff_rank": 4.593502198921671,
      "max_sv": 5.604619908151547,
      "min_sv": 0.22821590291308944,
      "mean_abs_colcorr": 0.4453227994738074,
      "mean_abs_rowcorr": 0.4088266888618343,
      "mutual_coherence": 0.8565548282780722
    }
  }
}