{
  "voltages": {
    "0": 0.8154008983027716,
    "1": 4.095460720035312,
    "2": 4.853624413519745,
    "3": 2.1039496423627115,
    "4": 3.7840855659145283,
    "5": 3.357751743979495,
    "6": 1.757733709260488,
    "7": 4.781613137022693,
    "8": 4.352931055513341,
    "9": 1.415990511407302,
    "10": 1.560365696675486,
    "11": 2.412563017982134,
    "12": 4.5432243424947245,
    "13": 4.103427848540897,
    "14": 2.4534735840918622,
    "15": 4.831553358682964,
    "16": 0.42882287923353346,
    "17": 0.19756491391158904,
    "18": 2.9144361346972216,
    "19": 4.295471105474671,
    "20": 1.202898564455699,
    "21": 0.8335892070443499,
    "22": 0.4884099206996515,
    "23": 2.9634977101244964,
    "24": 0.41343267730947636,
    "25": 1.965553765280553,
    "26": 2.8075767260862103,
    "27": 0.6544807001663785
  },
  "meta": {
    "tag": "trial1",
    "seed": null,
    "scope1_channels": [
      1,
      2,
      3,
      4
    ],
    "scope2_channels": [
      1,
      2,
      3
    ]
  }
}