{
  "voltages": {
    "0": 2.640262616752061,
    "1": 0.9728845385879846,
    "2": 1.9728528519421775,
    "3": 1.2052129311157813,
    "4": 2.882680539163365,
    "5": 2.973538686334052,
    "6": 3.3772319178590022,
    "7": 1.5208853614428473,
    "8": 4.4781683091794475,
    "9": 3.826085798105966,
    "10": 2.4098201882103893,
    "11": 2.7576365892237096,
    "12": 1.7175268576023823,
    "13": 4.398730412798698,
    "14": 0.9837858103309709,
    "15": 4.423761092278655,
    "16": 2.767322910427228,
    "17": 1.328629540220265,
    "18": 2.746086656057858,
    "19": 4.007169970066463,
    "20": 3.675047944348565,
    "21": 0.20712916016682487,
    "22": 4.538751409622325,
    "23": 4.1096112699713245,
    "24": 3.1676538606442435,
    "25": 1.2727591567940593,
    "26": 2.3736318799442095,
    "27": 1.039404695411618
  },
  "meta": {
    "tag": "trial1",
    "seed": null,
    "scope1_channels": [
      1,
      2,
      3,
      4
    ],
    "scope2_channels": [
      1,
      2,
      3
    ],
    "metrics": {
      "eff_rank": 5.3806350492859965,
      "max_sv": 5.033422856005619,
      "min_sv": 0.4324247426457915,
      "mean_abs_colcorr": 0.3002086239554593,
      "mean_abs_rowcorr": 0.3290337953628646,
      "mutual_coherence": 0.7442481483106765
    }
  }
}