{
  "voltages": {
    "0": 2.6339085361878505,
    "1": 3.3661800645292472,
    "2": 3.4733682918562203,
    "3": 3.505758050277588,
    "4": 3.4543823599540167,
    "5": 0.5923645579440137,
    "6": 0.6584937375092627,
    "7": 0.35036869360991685,
    "8": 2.2177431360879307,
    "9": 0.16103214604766586,
    "10": 2.685099592007149,
    "11": 3.340058015075604,
    "12": 0.2960155041072759,
    "13": 0.409529914353269,
    "14": 1.0540461115973463,
    "15": 3.081566212499837,
    "16": 0.16125771912046258,
    "17": 3.1905572489254213,
    "18": 4.581252777712555,
    "19": 1.8091160917186062,
    "20": 1.3710173892429574,
    "21": 3.584486671423414,
    "22": 3.128698560972313,
    "23": 3.1408410418040105,
    "24": 4.020202867239622,
    "25": 0.5051139258610244,
    "26": 4.788754575931451,
    "27": 2.319178549283723
  },
  "meta": {
    "tag": "trial1",
    "seed": null,
    "scope1_channels": [
      1,
      2,
      3,
      4
    ],
    "scope2_channels": [
      1,
      2,
      3
    ],
    "metrics": {
      "eff_rank": 4.46439605213017,
      "max_sv": 5.964262842867653,
      "min_sv": 0.01195652907121674,
      "mean_abs_colcorr": 0.3113641858854809,
      "mean_abs_rowcorr": 0.4215472429138443,
      "mutual_coherence": 0.9570684311105208
    }
  }
}