{
  "voltages": {
    "0": 1.8672821146251117,
    "1": 1.8227050368812783,
    "2": 1.3499263131571557,
    "3": 0.7779468328369255,
    "4": 3.1985807226978697,
    "5": 0.9326599886667747,
    "6": 1.0270167101783607,
    "7": 1.7115442764044613,
    "8": 0.36638566662728117,
    "9": 3.0549401076665834,
    "10": 1.4369388894302817,
    "11": 3.727734494809089,
    "12": 0.6374017454390501,
    "13": 0.5841674815807665,
    "14": 4.061349360640301,
    "15": 4.808299107209335,
    "16": 2.982407503935657,
    "17": 0.26205433966085273,
    "18": 3.3511959790446375,
    "19": 4.041274130592346,
    "20": 1.099306436403538,
    "21": 3.3552826737298997,
    "22": 4.64402373835972,
    "23": 2.1914149347811542,
    "24": 4.559562081342925,
    "25": 2.3201633557704935,
    "26": 2.4931069974454565,
    "27": 0.5179812465809666
  },
  "meta": {
    "tag": "trial1",
    "seed": null,
    "scope1_channels": [
      1,
      2,
      3,
      4
    ],
    "scope2_channels": [
      1,
      2,
      3
    ],
    "metrics": {
      "eff_rank": 1.5148525373479482,
      "max_sv": 6.990682975605405,
      "min_sv": 0.0019444563319304278,
      "mean_abs_colcorr": 0.8546040570032852,
      "mean_abs_rowcorr": 0.3336563492513635,
      "mutual_coherence": 0.9999468872666406
    }
  }
}