heater,voltage
0,0.177606
1,1.461636
2,3.305047
3,4.702182
4,3.573682
5,3.469095
6,1.670580
7,1.747599
8,4.287474
9,0.160176
10,4.341666
11,3.296964
12,4.603410
13,4.694139
14,1.025972
15,4.439573
16,2.732070
17,2.875168
18,0.196188
19,4.546926
20,0.342789
21,4.577842
22,1.635500
23,1.904788
24,4.748077
25,0.723173
26,2.286236
27,2.292299
