heater,voltage
0,2.640263
1,0.972885
2,1.972853
3,1.205213
4,2.882681
5,2.973539
6,3.377232
7,1.520885
8,4.478168
9,3.826086
10,2.409820
11,2.757637
12,1.717527
13,4.398730
14,0.983786
15,4.423761
16,2.767323
17,1.328630
18,2.746087
19,4.007170
20,3.675048
21,0.207129
22,4.538751
23,4.109611
24,3.167654
25,1.272759
26,2.373632
27,1.039405
