heater,voltage
0,2.633909
1,3.366180
2,3.473368
3,3.505758
4,3.454382
5,0.592365
6,0.658494
7,0.350369
8,2.217743
9,0.161032
10,2.685100
11,3.340058
12,0.296016
13,0.409530
14,1.054046
15,3.081566
16,0.161258
17,3.190557
18,4.581253
19,1.809116
20,1.371017
21,3.584487
22,3.128699
23,3.140841
24,4.020203
25,0.505114
26,4.788755
27,2.319179
