{
  "voltages": {
    "0": 4.406996127104377,
    "1": 4.890000000000001,
    "2": 2.7939843085626257,
    "3": 3.167400524158116,
    "4": 0.40262217984061266,
    "5": 1.1762001559388024,
    "6": 1.690318961996769,
    "7": 0.11,
    "8": 2.0060493078483144,
    "9": 3.117806285176484,
    "10": 3.584691978533833,
    "11": 2.613065008900305,
    "12": 3.4139593331000353,
    "13": 4.6261600000000005,
    "14": 3.6245653079369062,
    "15": 1.4075291261676262,
    "16": 1.676667068629155,
    "17": 2.952858427214628,
    "18": 0.8895707442511243,
    "19": 2.212990444047727,
    "20": 2.576543415593057,
    "21": 4.868780215068267,
    "22": 4.692905587090785,
    "23": 0.11,
    "24": 3.7495589133138827,
    "25": 2.863356703385314,
    "26": 1.413919770333326,
    "27": 2.1694327994347393
  },
  "meta": {
    "tag": "optimized",
    "seed": null,
    "metrics": {
      "eff_rank": 6.2296571417372455,
      "max_sv": 4.0467189313084555,
      "min_sv": 0.8188137931856591,
      "mean_abs_colcorr": 0.2100274787023669,
      "mean_abs_rowcorr": 0.23161599733611427,
      "mutual_coherence": 0.7286416490949851,
      "cond_z": 4.942172402304533
    },
    "objective": {
      "weights": {
        "eff_rank": 1.0,
        "mutual_coherence": 0.8,
        "mean_abs_colcorr": 0.6,
        "col_norm_cv": 0.4,
        "cond_z_penalty": 0.4
      },
      "score": 3.8966206821131273
    }
  }
}