{
  "voltages": {
    "0": 3.4309185254131247,
    "1": 1.8479080207192426,
    "2": 2.6744285497199325,
    "3": 3.188007106804453,
    "4": 1.9694724975441957,
    "5": 2.9679855396494244,
    "6": 3.878623590486603,
    "7": 1.8291901731280575,
    "8": 0.20578857639468495,
    "9": 4.040258432585603,
    "10": 4.890000000000001,
    "11": 3.1205449860635524,
    "12": 3.6075336950195145,
    "13": 3.35892677345966,
    "14": 4.298523554964635,
    "15": 2.6688522587738897,
    "16": 1.0406581346540023,
    "17": 3.4038166482593075,
    "18": 4.3419690238335695,
    "19": 1.9904412879055005,
    "20": 0.4710178713308746,
    "21": 4.890000000000001,
    "22": 2.701206087200659,
    "23": 4.683017055612048,
    "24": 4.676168773934464,
    "25": 1.7872356847466322,
    "26": 3.2278051585439136,
    "27": 1.2072770959903885
  },
  "meta": {
    "tag": "optimized",
    "seed": null,
    "metrics": {
      "eff_rank": 6.152613790779353,
      "max_sv": 4.5377923089286964,
      "min_sv": 0.9135927855630613,
      "mean_abs_colcorr": 0.2893430674373188,
      "mean_abs_rowcorr": 0.23739684628153285,
      "mutual_coherence": 0.6995069550499082,
      "cond_z": 4.966974762319281
    },
    "objective": {
      "weights": {
        "eff_rank": 1.0,
        "mutual_coherence": 0.8,
        "mean_abs_colcorr": 0.6,
        "col_norm_cv": 0.4,
        "cond_z_penalty": 0.4
      },
      "score": 3.7465639168218186
    }
  }
}