heater,voltage
0,4.796351
1,1.607650
2,2.383511
3,3.551004
4,4.053484
5,0.670395
6,3.715579
7,1.532393
8,3.709714
9,4.890000
10,1.323016
11,4.004180
12,3.175736
13,2.584291
14,2.219190
15,4.424412
16,4.890000
17,1.565192
18,4.490000
19,1.187314
20,2.377811
21,2.889119
22,3.749897
23,4.817136
24,4.588722
25,2.586307
26,4.181690
27,2.212052
