{
  "path": "./meshes/mesh_20251018_113658_trial1_M.npy",
  "shape": [
    7,
    7
  ],
  "metrics": {
    "eff_rank": 4.593502198921671,
    "max_sv": 5.604619908151547,
    "min_sv": 0.22821590291308944,
    "mean_abs_colcorr": 0.4453227994738074,
    "mean_abs_rowcorr": 0.4088266888618343,
    "mutual_coherence": 0.8565548282780722,
    "cond_z": 24.558410858361317
  },
  "orthogonality": {
    "gram_max_offdiag": 1.3953629226904147,
    "gram_mean_offdiag": 0.31332517390918674,
    "col_norm_cv": 0.5082824065287653
  },
  "symmetry": {
    "symm_fro_err": 1.3523948036395086,
    "symm_max_err": 1.1327705295445916
  },
  "numeric_rank": 7,
  "cond_raw": 100.4404425827535,
  "notes": "Eigenphase/spacing/intensity stats computed on closest-unitary U via polar decomposition."
}