{
  "voltages": {
    "0": 1.453342517720221,
    "1": 4.091661176171016,
    "2": 2.2701653925735026,
    "3": 2.5662145653915935,
    "4": 2.706583659884791,
    "5": 1.1405355330492712,
    "6": 2.2720026899756167,
    "7": 2.2646864014931585,
    "8": 2.5216046077206005,
    "9": 1.370890905652003,
    "10": 0.7164955713364306,
    "11": 0.11,
    "12": 2.3673467526797727,
    "13": 1.3333392194443143,
    "14": 1.4100655281047163,
    "15": 4.72905071200293,
    "16": 3.4136440679811333,
    "17": 1.4240944717934059,
    "18": 4.457347456938133,
    "19": 2.7373950724842806,
    "20": 3.824735799279695,
    "21": 3.6136149582685504,
    "22": 1.0946829368837858,
    "23": 3.1411925953551054,
    "24": 1.3614049923673543,
    "25": 0.47605443283975,
    "26": 3.6013492963995875,
    "27": 1.6065831487228053
  },
  "meta": {
    "tag": "optimized",
    "seed": null,
    "metrics": {
      "eff_rank": 5.923285416028309,
      "max_sv": 4.211254614991682,
      "min_sv": 0.7119367409408164,
      "mean_abs_colcorr": 0.26548672325985145,
      "mean_abs_rowcorr": 0.2763002212641925,
      "mutual_coherence": 0.780699429432105,
      "cond_z": 5.915208996555728
    },
    "objective": {
      "weights": {
        "eff_rank": 1.0,
        "mutual_coherence": 0.8,
        "mean_abs_colcorr": 0.6,
        "col_norm_cv": 0.4,
        "cond_z_penalty": 0.4
      },
      "score": 3.0696375413862826
    }
  }
}