{
  "voltages": {
    "0": 1.1725545423355226,
    "1": 1.0416934483065339,
    "2": 2.16309623772426,
    "3": 4.1502043526667896,
    "4": 0.1744123258319898,
    "5": 0.8898014630006302,
    "6": 0.9792023131258234,
    "7": 3.5134543665407807,
    "8": 4.001096402206516,
    "9": 1.689628790037532,
    "10": 1.3441794349791647,
    "11": 3.30785969178657,
    "12": 2.0352796759289915,
    "13": 0.16196625412126453,
    "14": 4.286254925156903,
    "15": 0.9933081223160074,
    "16": 3.4339007976495055,
    "17": 1.7155829313450175,
    "18": 2.465349165376718,
    "19": 2.575240812201799,
    "20": 3.797245434727956,
    "21": 4.718102586185539,
    "22": 1.3116081311501113,
    "23": 3.9785276178854363,
    "24": 2.244844214681775,
    "25": 1.9418584912045467,
    "26": 1.5155539834181542,
    "27": 1.3323411485479595
  },
  "meta": {
    "tag": "optimized",
    "seed": null,
    "metrics": {
      "eff_rank": 5.425007494130794,
      "max_sv": 5.230531365378444,
      "min_sv": 0.4149706684110455,
      "mean_abs_colcorr": 0.4407271089297516,
      "mean_abs_rowcorr": 0.2960904729781263,
      "mutual_coherence": 0.8786841920880323,
      "cond_z": 12.60458091027626
    },
    "objective": {
      "weights": {
        "eff_rank": 1.0,
        "mutual_coherence": 0.8,
        "mean_abs_colcorr": 0.6,
        "col_norm_cv": 0.4,
        "cond_z_penalty": 0.4
      },
      "score": -0.26759929766515445
    }
  }
}