heater,voltage
0,0.815401
1,4.095461
2,4.853624
3,2.103950
4,3.784086
5,3.357752
6,1.757734
7,4.781613
8,4.352931
9,1.415991
10,1.560366
11,2.412563
12,4.543224
13,4.103428
14,2.453474
15,4.831553
16,0.428823
17,0.197565
18,2.914436
19,4.295471
20,1.202899
21,0.833589
22,0.488410
23,2.963498
24,0.413433
25,1.965554
26,2.807577
27,0.654481
