{
  "voltages": {
    "0": 2.0803306406259643,
    "1": 3.737897855558303,
    "2": 1.80946373410627,
    "3": 3.0967482934402852,
    "4": 2.5224488018388427,
    "5": 3.8337473424678508,
    "6": 3.1247924671716625,
    "7": 1.2462961275047344,
    "8": 0.2176767371545738,
    "9": 4.065454305800841,
    "10": 4.1417310112759615,
    "11": 4.608003497056883,
    "12": 3.3493890855087414,
    "13": 0.11,
    "14": 4.508570016905065,
    "15": 2.985444253771223,
    "16": 1.2954491695187824,
    "17": 4.191389022188933,
    "18": 0.24267688826117495,
    "19": 4.028181211728555,
    "20": 0.28493427095287843,
    "21": 0.11,
    "22": 1.8647419835402428,
    "23": 2.764367345589197,
    "24": 0.11,
    "25": 4.472602465626323,
    "26": 2.4037757057025138,
    "27": 1.8902019274587762
  },
  "meta": {
    "tag": "optimized",
    "seed": null,
    "metrics": {
      "eff_rank": 6.391825703151576,
      "max_sv": 4.257983060894084,
      "min_sv": 0.9871073521372699,
      "mean_abs_colcorr": 0.19057991170441643,
      "mean_abs_rowcorr": 0.22059900223220047,
      "mutual_coherence": 0.5095234700999557,
      "cond_z": 4.313596744745912
    },
    "objective": {
      "weights": {
        "eff_rank": 1.0,
        "mutual_coherence": 0.8,
        "mean_abs_colcorr": 0.6,
        "col_norm_cv": 0.4,
        "cond_z_penalty": 0.4
      },
      "score": 4.338823882804147
    }
  }
}