heater,voltage
0,1.867282
1,1.822705
2,1.349926
3,0.777947
4,3.198581
5,0.932660
6,1.027017
7,1.711544
8,0.366386
9,3.054940
10,1.436939
11,3.727734
12,0.637402
13,0.584167
14,4.061349
15,4.808299
16,2.982408
17,0.262054
18,3.351196
19,4.041274
20,1.099306
21,3.355283
22,4.644024
23,2.191415
24,4.559562
25,2.320163
26,2.493107
27,0.517981
