{
  "voltages": {
    "0": 3.780560794674056,
    "1": 1.524143318859229,
    "2": 4.3495580922096675,
    "3": 1.7303003315700485,
    "4": 4.317307657590006,
    "5": 0.5158206307099954,
    "6": 4.872601949446582,
    "7": 4.233235803901131,
    "8": 1.7188386269252847,
    "9": 3.60877890276027,
    "10": 4.9,
    "11": 4.422306623215882,
    "12": 4.070451515416327,
    "13": 0.7135951647824567,
    "14": 3.043986381380159,
    "15": 3.9849038205827974,
    "16": 0.1,
    "17": 2.6412444065876315,
    "18": 0.26656904351920996,
    "19": 4.5159057567141785,
    "20": 0.9380239272078431,
    "21": 2.6991461598521846,
    "22": 4.004263986618308,
    "23": 4.770649879726122,
    "24": 2.7918599577489376,
    "25": 1.8661741088543322,
    "26": 0.44508722868243933,
    "27": 4.736457718952914
  },
  "score": 0.40785520634377714
}