{
  "voltages": {
    "0": 4.759790753178605,
    "1": 0.9298804877766157,
    "2": 0.7911066545747312,
    "3": 2.952488326013371,
    "4": 0.5906133240103264,
    "5": 3.572362370893535,
    "6": 1.8822084280416984,
    "7": 1.8449293751644775,
    "8": 4.370184881663138,
    "9": 2.1067103486526775,
    "10": 3.223294490598527,
    "11": 0.636512216891554,
    "12": 1.387462017075888,
    "13": 4.294714614804617,
    "14": 3.333030608262671,
    "15": 4.142808311651045,
    "16": 3.7942581802515156,
    "17": 1.6097035268464208,
    "18": 3.131949758511413,
    "19": 2.9028521841862607,
    "20": 1.425961417922625,
    "21": 4.712530844472973,
    "22": 2.0986002716733254,
    "23": 4.267709314939452,
    "24": 4.023130636479753,
    "25": 1.9895992256768331,
    "26": 3.9560474796044613,
    "27": 0.6007477828317297
  },
  "score": 0.20985324775170952
}