{
  "voltages": {
    "0": 2.15083483766984,
    "1": 2.3853881301293445,
    "2": 2.751649520413181,
    "3": 1.8770950545253993,
    "4": 3.015792648293387,
    "5": 2.816148336749247,
    "6": 3.840341517205297,
    "7": 3.8607411499194693,
    "8": 0.2859534490022165,
    "9": 2.230515487889126,
    "10": 4.010144536488836,
    "11": 0.853624461435625,
    "12": 3.100769035989739,
    "13": 1.3333067826769978,
    "14": 4.490559899927494,
    "15": 0.20843780840179443,
    "16": 3.0453820192499537,
    "17": 1.5953089815548025,
    "18": 1.3851369560339157,
    "19": 1.3681871918685435,
    "20": 3.2256630749297637,
    "21": 0.8857087666962804,
    "22": 1.0465185294052954,
    "23": 0.15689873258768167,
    "24": 0.7904573594375421,
    "25": 0.7012017918581215,
    "26": 4.068211392619491,
    "27": 4.893433334646589
  },
  "score": 0.4187472324098069
}