{
  "voltages": {
    "0": 0.3133691691273809,
    "1": 0.9875847794065519,
    "2": 2.592857270405551,
    "3": 2.481713821482736,
    "4": 1.0554953391651083,
    "5": 4.9,
    "6": 3.479085339690447,
    "7": 0.3120830386188427,
    "8": 2.9382449479911896,
    "9": 0.6001517085532206,
    "10": 0.4638105588124739,
    "11": 3.187054583358051,
    "12": 0.1,
    "13": 1.4277432280890934,
    "14": 4.9,
    "15": 0.8222619822096152,
    "16": 4.9,
    "17": 3.7986381566973186,
    "18": 4.778536912809062,
    "19": 3.2676441190748986,
    "20": 0.10336715706807845,
    "21": 4.486465101216537,
    "22": 4.9,
    "23": 0.7229567974186685,
    "24": 1.4983182289821708,
    "25": 2.195800357096118,
    "26": 3.7352118864221127,
    "27": 4.66899607173256
  },
  "score": 0.842089817297548
}